Year,JAN,FEB,Winter,MAR,APR,MAY,PreMonsoon,JUN,JUL,AUG,SEP,Monsoon,OCT,NOV,DEC,PostMonsoon
1981,18.94,22.07,20.505,26.57,29.02,29.11,28.23333333,29.23,28.33,28.19,27.71,28.365,25.58,21.08,17.98,21.54666667
1982,19.85,21.89,20.87,25.64,30.22,31.65,29.17,29.43,29.12,27.83,27.82,28.55,26.3,22.37,19.51,22.72666667
1983,20.24,23.13,21.685,28.23,31.83,31.13,30.39666667,30.8,30.11,28.63,27.89,29.3575,25.76,23.58,19.78,23.04
1984,20,22.91,21.455,28.6,31.79,30.81,30.4,28.87,28.12,27.94,26.94,27.9675,25.98,20.35,18.55,21.62666667
1985,20.59,22.62,21.605,29.2,32.45,31.44,31.03,30.79,28.15,28.37,27.33,28.66,25.2,21.16,19.35,21.90333333
1986,18.61,23.73,21.17,29.01,31.73,31.01,30.58333333,30.35,28.26,28.41,27.42,28.61,24.84,22.06,18.64,21.84666667
1987,17.62,22.58,20.1,27.79,31.08,31.1,29.99,30.58,29.15,28.24,27.92,28.9725,25.97,21.89,19.19,22.35
1988,19.73,23.8,21.765,28.01,31.39,31.5,30.3,29.8,28.41,28.32,27.83,28.59,25.36,22.07,19.9,22.44333333
1989,17.58,23.01,20.295,28.14,32.02,31.71,30.62333333,29.4,28.44,27.82,27.62,28.32,26.18,21.76,18.66,22.2
1990,19.69,24.07,21.88,26.22,29.97,30.54,28.91,29.48,28.05,28.02,27.51,28.265,24.88,22.18,18.23,21.76333333
1991,18.39,24.46,21.425,29.99,32.57,32.98,31.84666667,29.41,28.48,28.33,27.58,28.45,25.37,20.3,18.15,21.27333333
1992,17.74,21.83,19.785,28.04,33.05,31.16,30.75,29.58,28.16,27.81,27.36,28.2275,25.91,22.53,19.07,22.50333333
1993,19.74,23.87,21.805,27.43,30.51,31.06,29.66666667,29.69,28.58,28.19,27.11,28.3925,25.75,21.58,17.05,21.46
1994,18.86,21.54,20.2,28.3,31.04,32.28,30.54,29.42,28.14,27.94,27.08,28.145,25.6,21.8,17.92,21.77333333
1995,18.29,23.15,20.72,28.03,32.94,30.62,30.53,29.23,28.12,27.87,27.48,28.175,25.55,21.27,17.54,21.45333333
1996,18.31,21.82,20.065,28.77,31.71,32.98,31.15333333,30.01,28.66,27.65,27.64,28.49,25.12,20.9,17.2,21.07333333
1997,18.59,22.3,20.445,28.69,28.19,31.65,29.51,30.05,28.3,28.01,27.25,28.4025,25.58,23.18,18.27,22.34333333
1998,17.75,22.26,20.005,25.15,29.92,32.23,29.1,30.69,28.98,28.26,27.63,28.89,26.94,22.77,17.19,22.3
1999,16.65,22.96,19.805,28.31,32.33,31.41,30.68333333,29.6,28.26,27.84,27.18,28.22,25.85,20.85,18.15,21.61666667
2000,17.67,21.37,19.52,27.06,30.9,29.5,29.15333333,28.73,28.33,28.09,27.37,28.13,26.23,22.78,17.19,22.06666667
2001,16.73,23.1,19.915,28.12,31.45,31.01,30.19333333,28.3,28.13,28.18,27.65,28.065,26.35,23.01,16.8,22.05333333
2002,18.25,21.71,19.98,27.82,31.08,32.85,30.58333333,29.26,28.7,27.86,27.29,28.2775,25.43,21.37,18.01,21.60333333
2003,16.11,23.23,19.67,26.23,31.51,32.75,30.16333333,30.36,28.54,28.48,27.75,28.7825,26.53,21.25,17.31,21.69666667
2004,16.98,20.63,18.805,28.18,31.1,32.81,30.69666667,29.55,28.42,28.08,27.27,28.33,24.92,21.4,18.73,21.68333333
2005,17.98,23.22,20.6,28.27,31.02,31.37,30.22,31.18,28.64,28.6,27.59,29.0025,26.06,20.4,17.15,21.20333333
2006,17.4,23.73,20.565,28.32,31.44,30.71,30.15666667,29.12,28.51,27.94,27.43,28.25,26.27,22.01,17.98,22.08666667
2007,17.05,21.83,19.44,26.1,31.44,31.83,29.79,29.91,28.23,28.01,27.43,28.395,25.53,21.91,16.3,21.24666667
2008,16.96,19.25,18.105,27.14,29.84,31.49,29.49,28.58,28.08,27.94,27.22,27.955,25.68,22.06,19.46,22.4
2009,19.11,22.83,20.97,27.86,32.3,30.3,30.15333333,30.15,29.01,28.14,27.73,28.7575,24.87,22.09,18.05,21.67
2010,16.39,22.12,19.255,29.19,32.78,30.81,30.92666667,30.12,28.77,28.37,27.72,28.745,26.49,24.13,17.97,22.86333333
2011,17.05,22.22,19.635,28.01,30.19,30.7,29.63333333,29.58,28.28,27.77,27.48,28.2775,26.56,22.33,17.83,22.24
2012,18.31,21.42,19.865,27.58,31.1,31.98,30.22,31.52,29.06,28.32,27.62,29.13,24.26,20.11,16.05,20.14
2013,15.93,21.4,18.665,27.87,31.53,31.17,30.19,29.12,28.76,27.95,27.76,28.3975,26.13,20.88,18.07,21.69333333
2014,16.72,20.51,18.615,26.56,32.96,32.62,30.71333333,30.6,28.98,28.3,27.9,28.945,26.07,20.91,16.33,21.10333333
2015,17.6,22.33,19.965,27.15,29.52,31.33,29.33333333,30.1,28.3,28.38,28.1,28.72,26.64,23.34,19.87,23.28333333
2016,19.53,25.15,22.34,28.23,33.35,32.02,31.2,29.94,28.55,28.23,27.72,28.61,26.05,21.19,17.8,21.68
2017,17.94,22.69,20.315,26.62,31.03,32.03,29.89333333,30.18,28.51,28.25,28.03,28.7425,26.65,21.63,18.51,22.26333333
2018,15.62,21.67,18.645,27.57,29.51,30.81,29.29666667,29.79,29.01,28.48,27.97,28.8125,25.9,22.68,17.29,21.95666667
2019,17.95,22.69,20.32,25.9,30.87,32.03,29.6,31.41,29.99,28.9,27.8,29.525,26.14,22.45,17.58,22.05666667
2020,16.8,19.33,18.065,25.58,30.25,30.14,28.65666667,29.15,28.8,28.69,28.19,28.7075,27.2,21.85,18,22.35
